date,week_start,channel,campaign_id,campaign_name,spend_usd,impressions,clicks
2025-04-01,2025-03-31,meta,cmp_8821,PLTV_Prospecting_US,358.4,124993,2078
2025-04-01,2025-03-31,meta,cmp_8822,Retargeting_Subscribers,3217.38,681698,15125
2025-04-01,2025-03-31,meta,cmp_8823,Lookalike_LTV90,2199.69,799262,12245
2025-04-01,2025-03-31,google,cmp_9001,Brand_Search_Exact,3448.77,875832,19035
2025-04-01,2025-03-31,google,cmp_9002,NonBrand_Wellness,2735.08,630151,13162
2025-04-01,2025-03-31,google,cmp_9003,PMax_DTC,4360.73,1073460,10807
2025-04-01,2025-03-31,tiktok,cmp_7701,TT_Spark_UGC,4019.17,1110138,12637
2025-04-01,2025-03-31,tiktok,cmp_7702,TT_Prospecting,1918.44,406835,3054
2025-04-02,2025-03-31,meta,cmp_8821,PLTV_Prospecting_US,4287.72,1428103,19801
2025-04-02,2025-03-31,meta,cmp_8822,Retargeting_Subscribers,1343.86,366359,2336
2025-04-02,2025-03-31,meta,cmp_8823,Lookalike_LTV90,3311.85,1257680,15691
2025-04-02,2025-03-31,google,cmp_9001,Brand_Search_Exact,4017.63,1075145,14383
2025-04-02,2025-03-31,google,cmp_9002,NonBrand_Wellness,3136.03,1022335,10513
2025-04-02,2025-03-31,google,cmp_9003,PMax_DTC,3736.55,920493,21940
2025-04-02,2025-03-31,tiktok,cmp_7701,TT_Spark_UGC,681.33,251189,3997
2025-04-02,2025-03-31,tiktok,cmp_7702,TT_Prospecting,1196.38,435836,4255
2025-04-03,2025-03-31,meta,cmp_8821,PLTV_Prospecting_US,3931.52,804731,11447
2025-04-03,2025-03-31,meta,cmp_8822,Retargeting_Subscribers,963.18,359737,7622
2025-04-03,2025-03-31,meta,cmp_8823,Lookalike_LTV90,2380.09,703343,6725
2025-04-03,2025-03-31,google,cmp_9001,Brand_Search_Exact,2747.42,759808,13050
2025-04-03,2025-03-31,google,cmp_9002,NonBrand_Wellness,971.29,245325,3929
2025-04-03,2025-03-31,google,cmp_9003,PMax_DTC,2800.71,691846,10160
2025-04-03,2025-03-31,tiktok,cmp_7701,TT_Spark_UGC,1875.82,681509,8536
2025-04-03,2025-03-31,tiktok,cmp_7702,TT_Prospecting,1097.08,329542,5097
2025-04-04,2025-03-31,meta,cmp_8821,PLTV_Prospecting_US,3573.08,1042295,21318
2025-04-04,2025-03-31,meta,cmp_8822,Retargeting_Subscribers,797.14,178151,3742
2025-04-04,2025-03-31,meta,cmp_8823,Lookalike_LTV90,2241.97,680788,15126
2025-04-04,2025-03-31,google,cmp_9001,Brand_Search_Exact,3558.21,839446,11466
2025-04-04,2025-03-31,google,cmp_9002,NonBrand_Wellness,375.57,103429,986
2025-04-04,2025-03-31,google,cmp_9003,PMax_DTC,2384.56,775424,3964
2025-04-04,2025-03-31,tiktok,cmp_7701,TT_Spark_UGC,1589.13,404194,2304
2025-04-04,2025-03-31,tiktok,cmp_7702,TT_Prospecting,1853.19,596893,10213
2025-04-05,2025-03-31,meta,cmp_8821,PLTV_Prospecting_US,1236.89,445181,9903
2025-04-05,2025-03-31,meta,cmp_8822,Retargeting_Subscribers,381.43,130098,2075
2025-04-05,2025-03-31,meta,cmp_8823,Lookalike_LTV90,3387.32,1068141,21584
2025-04-05,2025-03-31,google,cmp_9001,Brand_Search_Exact,1623.19,639368,8328
2025-04-05,2025-03-31,google,cmp_9002,NonBrand_Wellness,3999.76,1162439,27661
2025-04-05,2025-03-31,google,cmp_9003,PMax_DTC,4048.71,918113,12963
2025-04-05,2025-03-31,tiktok,cmp_7701,TT_Spark_UGC,464.83,115251,1865
2025-04-05,2025-03-31,tiktok,cmp_7702,TT_Prospecting,2022.45,801126,13476
2025-04-06,2025-03-31,meta,cmp_8821,PLTV_Prospecting_US,3223.09,1003608,5258
2025-04-06,2025-03-31,meta,cmp_8822,Retargeting_Subscribers,960.77,218549,2225
2025-04-06,2025-03-31,meta,cmp_8823,Lookalike_LTV90,580.93,142020,1165
2025-04-06,2025-03-31,google,cmp_9001,Brand_Search_Exact,510.55,164680,3704
2025-04-06,2025-03-31,google,cmp_9002,NonBrand_Wellness,4128.0,1451343,16205
2025-04-06,2025-03-31,google,cmp_9003,PMax_DTC,4235.1,967852,17116
2025-04-06,2025-03-31,tiktok,cmp_7701,TT_Spark_UGC,2275.05,459305,2335
2025-04-06,2025-03-31,tiktok,cmp_7702,TT_Prospecting,2838.01,571254,6292
2025-04-07,2025-04-07,meta,cmp_8821,PLTV_Prospecting_US,2101.15,462656,4947
2025-04-07,2025-04-07,meta,cmp_8822,Retargeting_Subscribers,658.6,181036,2596
2025-04-07,2025-04-07,meta,cmp_8823,Lookalike_LTV90,4182.43,1024030,23446
2025-04-07,2025-04-07,google,cmp_9001,Brand_Search_Exact,3966.33,1120254,24928
2025-04-07,2025-04-07,google,cmp_9002,NonBrand_Wellness,1159.77,241231,5924
2025-04-07,2025-04-07,google,cmp_9003,PMax_DTC,4069.95,878742,7943
2025-04-07,2025-04-07,tiktok,cmp_7701,TT_Spark_UGC,350.74,102615,991
2025-04-07,2025-04-07,tiktok,cmp_7702,TT_Prospecting,1775.34,421518,10336
2025-04-08,2025-04-07,meta,cmp_8821,PLTV_Prospecting_US,646.29,151291,1423
2025-04-08,2025-04-07,meta,cmp_8822,Retargeting_Subscribers,686.49,204057,2728
2025-04-08,2025-04-07,meta,cmp_8823,Lookalike_LTV90,745.99,280324,3729
2025-04-08,2025-04-07,google,cmp_9001,Brand_Search_Exact,4270.94,1628090,26066
2025-04-08,2025-04-07,google,cmp_9002,NonBrand_Wellness,3017.29,1070796,11944
2025-04-08,2025-04-07,google,cmp_9003,PMax_DTC,4374.81,1126239,24038
2025-04-08,2025-04-07,tiktok,cmp_7701,TT_Spark_UGC,2976.29,741793,8813
2025-04-08,2025-04-07,tiktok,cmp_7702,TT_Prospecting,4064.38,939331,6549
2025-04-09,2025-04-07,meta,cmp_8821,PLTV_Prospecting_US,1913.99,436673,8046
2025-04-09,2025-04-07,meta,cmp_8822,Retargeting_Subscribers,4461.87,1160925,24583
2025-04-09,2025-04-07,meta,cmp_8823,Lookalike_LTV90,3841.88,1395699,20817
2025-04-09,2025-04-07,google,cmp_9001,Brand_Search_Exact,4150.78,1618563,25150
2025-04-09,2025-04-07,google,cmp_9002,NonBrand_Wellness,4272.16,1683652,12883
2025-04-09,2025-04-07,google,cmp_9003,PMax_DTC,2298.08,712796,8615
2025-04-09,2025-04-07,tiktok,cmp_7701,TT_Spark_UGC,460.18,135026,1238
2025-04-09,2025-04-07,tiktok,cmp_7702,TT_Prospecting,1678.84,606852,10088
2025-04-10,2025-04-07,meta,cmp_8821,PLTV_Prospecting_US,4011.55,1283255,28671
2025-04-10,2025-04-07,meta,cmp_8822,Retargeting_Subscribers,2508.39,869191,4627
2025-04-10,2025-04-07,meta,cmp_8823,Lookalike_LTV90,2299.94,751663,8115
2025-04-10,2025-04-07,google,cmp_9001,Brand_Search_Exact,2142.08,850928,21203
2025-04-10,2025-04-07,google,cmp_9002,NonBrand_Wellness,2200.13,725829,6878
2025-04-10,2025-04-07,google,cmp_9003,PMax_DTC,3482.06,846567,14325
2025-04-10,2025-04-07,tiktok,cmp_7701,TT_Spark_UGC,2634.1,915735,20739
2025-04-10,2025-04-07,tiktok,cmp_7702,TT_Prospecting,2700.59,717972,10650
2025-04-11,2025-04-07,meta,cmp_8821,PLTV_Prospecting_US,279.74,58821,1346
2025-04-11,2025-04-07,meta,cmp_8822,Retargeting_Subscribers,861.01,182844,2890
2025-04-11,2025-04-07,meta,cmp_8823,Lookalike_LTV90,4122.62,922312,19713
2025-04-11,2025-04-07,google,cmp_9001,Brand_Search_Exact,4203.72,1285407,8715
2025-04-11,2025-04-07,google,cmp_9002,NonBrand_Wellness,3994.43,1476196,30886
2025-04-11,2025-04-07,google,cmp_9003,PMax_DTC,2705.42,1066724,10535
2025-04-11,2025-04-07,tiktok,cmp_7701,TT_Spark_UGC,1070.69,306325,5730
2025-04-11,2025-04-07,tiktok,cmp_7702,TT_Prospecting,3020.85,778766,6006
2025-04-12,2025-04-07,meta,cmp_8821,PLTV_Prospecting_US,3597.25,1219676,22977
2025-04-12,2025-04-07,meta,cmp_8822,Retargeting_Subscribers,734.41,187829,1678
2025-04-12,2025-04-07,meta,cmp_8823,Lookalike_LTV90,3402.91,756618,17545
2025-04-12,2025-04-07,google,cmp_9001,Brand_Search_Exact,582.64,162899,3439
2025-04-12,2025-04-07,google,cmp_9002,NonBrand_Wellness,2568.05,684378,13029
2025-04-12,2025-04-07,google,cmp_9003,PMax_DTC,4258.79,941362,4827
2025-04-12,2025-04-07,tiktok,cmp_7701,TT_Spark_UGC,2976.61,1153209,26041
2025-04-12,2025-04-07,tiktok,cmp_7702,TT_Prospecting,457.41,116582,680
2025-04-13,2025-04-07,meta,cmp_8821,PLTV_Prospecting_US,1312.81,322375,5567
2025-04-13,2025-04-07,meta,cmp_8822,Retargeting_Subscribers,2186.48,862463,11215
2025-04-13,2025-04-07,meta,cmp_8823,Lookalike_LTV90,651.89,199255,3211
2025-04-13,2025-04-07,google,cmp_9001,Brand_Search_Exact,2049.81,425125,4205
2025-04-13,2025-04-07,google,cmp_9002,NonBrand_Wellness,4129.86,1311691,9386
2025-04-13,2025-04-07,google,cmp_9003,PMax_DTC,2963.35,679843,11673
2025-04-13,2025-04-07,tiktok,cmp_7701,TT_Spark_UGC,2657.64,591155,2956
2025-04-13,2025-04-07,tiktok,cmp_7702,TT_Prospecting,787.9,308931,7302
2025-04-14,2025-04-14,meta,cmp_8821,PLTV_Prospecting_US,427.2,112416,609
2025-04-14,2025-04-14,meta,cmp_8822,Retargeting_Subscribers,3057.12,866193,11599
2025-04-14,2025-04-14,meta,cmp_8823,Lookalike_LTV90,1418.65,473612,5588
2025-04-14,2025-04-14,google,cmp_9001,Brand_Search_Exact,4386.76,1408364,17405
2025-04-14,2025-04-14,google,cmp_9002,NonBrand_Wellness,2300.99,836099,9700
2025-04-14,2025-04-14,google,cmp_9003,PMax_DTC,2441.91,530714,9525
2025-04-14,2025-04-14,tiktok,cmp_7701,TT_Spark_UGC,1249.24,269069,2544
2025-04-14,2025-04-14,tiktok,cmp_7702,TT_Prospecting,950.02,232224,1596
2025-04-15,2025-04-14,meta,cmp_8821,PLTV_Prospecting_US,2694.13,864554,19791
2025-04-15,2025-04-14,meta,cmp_8822,Retargeting_Subscribers,2400.28,554331,4504
2025-04-15,2025-04-14,meta,cmp_8823,Lookalike_LTV90,1746.58,562269,7325
2025-04-15,2025-04-14,google,cmp_9001,Brand_Search_Exact,1356.37,464175,9988
2025-04-15,2025-04-14,google,cmp_9002,NonBrand_Wellness,877.22,322005,2681
2025-04-15,2025-04-14,google,cmp_9003,PMax_DTC,1325.03,382841,8770
2025-04-15,2025-04-14,tiktok,cmp_7701,TT_Spark_UGC,3468.26,855578,5895
2025-04-15,2025-04-14,tiktok,cmp_7702,TT_Prospecting,1532.61,601522,8347
2025-04-16,2025-04-14,meta,cmp_8821,PLTV_Prospecting_US,4041.76,1598051,35386
2025-04-16,2025-04-14,meta,cmp_8822,Retargeting_Subscribers,4194.62,843507,12237
2025-04-16,2025-04-14,meta,cmp_8823,Lookalike_LTV90,738.2,184839,961
2025-04-16,2025-04-14,google,cmp_9001,Brand_Search_Exact,1872.61,571155,13163
2025-04-16,2025-04-14,google,cmp_9002,NonBrand_Wellness,203.94,68858,1259
2025-04-16,2025-04-14,google,cmp_9003,PMax_DTC,1694.44,671922,7220
2025-04-16,2025-04-14,tiktok,cmp_7701,TT_Spark_UGC,2027.01,514521,11555
2025-04-16,2025-04-14,tiktok,cmp_7702,TT_Prospecting,4308.13,1684159,21279
2025-04-17,2025-04-14,meta,cmp_8821,PLTV_Prospecting_US,4171.38,1186736,28387
2025-04-17,2025-04-14,meta,cmp_8822,Retargeting_Subscribers,2290.13,679770,10186
2025-04-17,2025-04-14,meta,cmp_8823,Lookalike_LTV90,3226.17,1132631,9220
2025-04-17,2025-04-14,google,cmp_9001,Brand_Search_Exact,641.3,145162,2572
2025-04-17,2025-04-14,google,cmp_9002,NonBrand_Wellness,1561.51,416003,4515
2025-04-17,2025-04-14,google,cmp_9003,PMax_DTC,621.92,197348,1004
2025-04-17,2025-04-14,tiktok,cmp_7701,TT_Spark_UGC,464.74,169281,2935
2025-04-17,2025-04-14,tiktok,cmp_7702,TT_Prospecting,1101.53,343736,3464
2025-04-18,2025-04-14,meta,cmp_8821,PLTV_Prospecting_US,204.24,42775,354
2025-04-18,2025-04-14,meta,cmp_8822,Retargeting_Subscribers,4329.21,1305011,26938
2025-04-18,2025-04-14,meta,cmp_8823,Lookalike_LTV90,1025.92,260959,2873
2025-04-18,2025-04-14,google,cmp_9001,Brand_Search_Exact,1819.08,436718,7367
2025-04-18,2025-04-14,google,cmp_9002,NonBrand_Wellness,3815.91,1259264,15838
2025-04-18,2025-04-14,google,cmp_9003,PMax_DTC,2633.27,815991,19289
2025-04-18,2025-04-14,tiktok,cmp_7701,TT_Spark_UGC,1398.05,450709,2423
2025-04-18,2025-04-14,tiktok,cmp_7702,TT_Prospecting,1852.34,521094,12437
2025-04-19,2025-04-14,meta,cmp_8821,PLTV_Prospecting_US,1504.14,556725,3525
2025-04-19,2025-04-14,meta,cmp_8822,Retargeting_Subscribers,2164.38,642987,10643
2025-04-19,2025-04-14,meta,cmp_8823,Lookalike_LTV90,3170.75,1257199,6603
2025-04-19,2025-04-14,google,cmp_9001,Brand_Search_Exact,746.43,224435,5341
2025-04-19,2025-04-14,google,cmp_9002,NonBrand_Wellness,1358.46,539627,4064
2025-04-19,2025-04-14,google,cmp_9003,PMax_DTC,2483.13,896932,10434
2025-04-19,2025-04-14,tiktok,cmp_7701,TT_Spark_UGC,3434.0,1288241,18687
2025-04-19,2025-04-14,tiktok,cmp_7702,TT_Prospecting,3809.39,1382441,29523
2025-04-20,2025-04-14,meta,cmp_8821,PLTV_Prospecting_US,3099.97,707788,11251
2025-04-20,2025-04-14,meta,cmp_8822,Retargeting_Subscribers,1003.63,298654,4960
2025-04-20,2025-04-14,meta,cmp_8823,Lookalike_LTV90,1341.12,276303,1670
2025-04-20,2025-04-14,google,cmp_9001,Brand_Search_Exact,431.92,162752,1884
2025-04-20,2025-04-14,google,cmp_9002,NonBrand_Wellness,2457.47,935446,22124
2025-04-20,2025-04-14,google,cmp_9003,PMax_DTC,2212.24,464745,11047
2025-04-20,2025-04-14,tiktok,cmp_7701,TT_Spark_UGC,3296.14,1207053,27857
2025-04-20,2025-04-14,tiktok,cmp_7702,TT_Prospecting,2800.23,730215,5613
2025-04-21,2025-04-21,meta,cmp_8821,PLTV_Prospecting_US,3062.36,1123938,8204
2025-04-21,2025-04-21,meta,cmp_8822,Retargeting_Subscribers,1902.13,535124,9989
2025-04-21,2025-04-21,meta,cmp_8823,Lookalike_LTV90,2790.08,652796,9792
2025-04-21,2025-04-21,google,cmp_9001,Brand_Search_Exact,2602.36,824149,11601
2025-04-21,2025-04-21,google,cmp_9002,NonBrand_Wellness,3687.98,910159,9891
2025-04-21,2025-04-21,google,cmp_9003,PMax_DTC,3930.97,1037574,14162
2025-04-21,2025-04-21,tiktok,cmp_7701,TT_Spark_UGC,4010.11,1486332,21513
2025-04-21,2025-04-21,tiktok,cmp_7702,TT_Prospecting,709.25,268235,2411
2025-04-22,2025-04-21,meta,cmp_8821,PLTV_Prospecting_US,519.5,117060,2841
2025-04-22,2025-04-21,meta,cmp_8822,Retargeting_Subscribers,1901.62,517301,12863
2025-04-22,2025-04-21,meta,cmp_8823,Lookalike_LTV90,2732.1,845278,9517
2025-04-22,2025-04-21,google,cmp_9001,Brand_Search_Exact,1537.55,344269,1884
2025-04-22,2025-04-21,google,cmp_9002,NonBrand_Wellness,486.41,133173,1487
2025-04-22,2025-04-21,google,cmp_9003,PMax_DTC,1715.02,404608,9993
2025-04-22,2025-04-21,tiktok,cmp_7701,TT_Spark_UGC,2282.53,674143,11057
2025-04-22,2025-04-21,tiktok,cmp_7702,TT_Prospecting,2503.33,756512,4356
2025-04-23,2025-04-21,meta,cmp_8821,PLTV_Prospecting_US,398.04,143499,3037
2025-04-23,2025-04-21,meta,cmp_8822,Retargeting_Subscribers,1118.93,415103,6380
2025-04-23,2025-04-21,meta,cmp_8823,Lookalike_LTV90,3854.68,1357514,18783
2025-04-23,2025-04-21,google,cmp_9001,Brand_Search_Exact,2422.56,764554,9700
2025-04-23,2025-04-21,google,cmp_9002,NonBrand_Wellness,445.2,135931,3056
2025-04-23,2025-04-21,google,cmp_9003,PMax_DTC,1170.49,269193,6101
2025-04-23,2025-04-21,tiktok,cmp_7701,TT_Spark_UGC,728.99,242810,4118
2025-04-23,2025-04-21,tiktok,cmp_7702,TT_Prospecting,603.4,165124,3541
2025-04-24,2025-04-21,meta,cmp_8821,PLTV_Prospecting_US,2117.75,490797,11696
2025-04-24,2025-04-21,meta,cmp_8822,Retargeting_Subscribers,951.47,324007,4223
2025-04-24,2025-04-21,meta,cmp_8823,Lookalike_LTV90,310.81,90350,1100
2025-04-24,2025-04-21,google,cmp_9001,Brand_Search_Exact,776.03,251921,4924
2025-04-24,2025-04-21,google,cmp_9002,NonBrand_Wellness,2459.2,875155,7982
2025-04-24,2025-04-21,google,cmp_9003,PMax_DTC,412.57,157131,2591
2025-04-24,2025-04-21,tiktok,cmp_7701,TT_Spark_UGC,2895.12,657797,5250
2025-04-24,2025-04-21,tiktok,cmp_7702,TT_Prospecting,1502.29,357057,6219
2025-04-25,2025-04-21,meta,cmp_8821,PLTV_Prospecting_US,3445.9,715102,9556
2025-04-25,2025-04-21,meta,cmp_8822,Retargeting_Subscribers,3210.95,816029,9495
2025-04-25,2025-04-21,meta,cmp_8823,Lookalike_LTV90,3174.78,942146,12972
2025-04-25,2025-04-21,google,cmp_9001,Brand_Search_Exact,1673.41,400578,3074
2025-04-25,2025-04-21,google,cmp_9002,NonBrand_Wellness,4224.15,1022249,20336
2025-04-25,2025-04-21,google,cmp_9003,PMax_DTC,3747.91,1167541,17047
2025-04-25,2025-04-21,tiktok,cmp_7701,TT_Spark_UGC,2072.24,525793,7579
2025-04-25,2025-04-21,tiktok,cmp_7702,TT_Prospecting,1045.69,332338,6476
2025-04-26,2025-04-21,meta,cmp_8821,PLTV_Prospecting_US,2859.05,641635,12802
2025-04-26,2025-04-21,meta,cmp_8822,Retargeting_Subscribers,322.63,98210,2114
2025-04-26,2025-04-21,meta,cmp_8823,Lookalike_LTV90,2263.3,457698,10811
2025-04-26,2025-04-21,google,cmp_9001,Brand_Search_Exact,992.31,221648,3725
2025-04-26,2025-04-21,google,cmp_9002,NonBrand_Wellness,2928.27,1017314,21329
2025-04-26,2025-04-21,google,cmp_9003,PMax_DTC,1201.68,260982,4075
2025-04-26,2025-04-21,tiktok,cmp_7701,TT_Spark_UGC,4323.04,1515516,33899
2025-04-26,2025-04-21,tiktok,cmp_7702,TT_Prospecting,2093.29,598181,11070
2025-04-27,2025-04-21,meta,cmp_8821,PLTV_Prospecting_US,4057.85,1500037,36751
2025-04-27,2025-04-21,meta,cmp_8822,Retargeting_Subscribers,1776.01,376811,2613
2025-04-27,2025-04-21,meta,cmp_8823,Lookalike_LTV90,1895.43,477926,5646
2025-04-27,2025-04-21,google,cmp_9001,Brand_Search_Exact,2586.75,561823,6212
2025-04-27,2025-04-21,google,cmp_9002,NonBrand_Wellness,1737.51,512672,10349
2025-04-27,2025-04-21,google,cmp_9003,PMax_DTC,1220.5,343817,5513
2025-04-27,2025-04-21,tiktok,cmp_7701,TT_Spark_UGC,2804.45,868626,9574
2025-04-27,2025-04-21,tiktok,cmp_7702,TT_Prospecting,184.01,66078,1501
2025-04-28,2025-04-28,meta,cmp_8821,PLTV_Prospecting_US,997.02,394184,3720
2025-04-28,2025-04-28,meta,cmp_8822,Retargeting_Subscribers,1553.53,494011,9621
2025-04-28,2025-04-28,meta,cmp_8823,Lookalike_LTV90,1002.26,290473,1516
2025-04-28,2025-04-28,google,cmp_9001,Brand_Search_Exact,3993.32,1362830,25843
2025-04-28,2025-04-28,google,cmp_9002,NonBrand_Wellness,3700.18,751752,13319
2025-04-28,2025-04-28,google,cmp_9003,PMax_DTC,3232.35,1267494,27881
2025-04-28,2025-04-28,tiktok,cmp_7701,TT_Spark_UGC,159.73,37487,294
2025-04-28,2025-04-28,tiktok,cmp_7702,TT_Prospecting,1726.38,515086,5117
2025-04-29,2025-04-28,meta,cmp_8821,PLTV_Prospecting_US,3697.83,1082587,6437
2025-04-29,2025-04-28,meta,cmp_8822,Retargeting_Subscribers,3643.82,1354266,9115
2025-04-29,2025-04-28,meta,cmp_8823,Lookalike_LTV90,1842.82,665858,15804
2025-04-29,2025-04-28,google,cmp_9001,Brand_Search_Exact,3382.85,734356,7088
2025-04-29,2025-04-28,google,cmp_9002,NonBrand_Wellness,3675.51,899733,7417
2025-04-29,2025-04-28,google,cmp_9003,PMax_DTC,4458.91,1034047,12508
2025-04-29,2025-04-28,tiktok,cmp_7701,TT_Spark_UGC,1475.83,353850,5265
2025-04-29,2025-04-28,tiktok,cmp_7702,TT_Prospecting,4117.88,1085992,23204
2025-04-30,2025-04-28,meta,cmp_8821,PLTV_Prospecting_US,3202.45,855035,4918
2025-04-30,2025-04-28,meta,cmp_8822,Retargeting_Subscribers,748.15,220789,2481
2025-04-30,2025-04-28,meta,cmp_8823,Lookalike_LTV90,584.33,136989,3010
2025-04-30,2025-04-28,google,cmp_9001,Brand_Search_Exact,1109.13,334575,3351
2025-04-30,2025-04-28,google,cmp_9002,NonBrand_Wellness,2689.43,743762,6494
2025-04-30,2025-04-28,google,cmp_9003,PMax_DTC,4298.15,1054659,18371
2025-04-30,2025-04-28,tiktok,cmp_7701,TT_Spark_UGC,2271.87,580854,13904
2025-04-30,2025-04-28,tiktok,cmp_7702,TT_Prospecting,3702.74,901823,12222
